# rewrites
/resources /resources/page/1 200
/resources /resources/:type/page/1 200
/courses /courses/page/1 200
/authors /authors/page/1 200
/author /author/:id/page/1 200
/tags /tags/page/1 200
/tag /tag/:id/page/1 200
/categories /categories/page/1 200
/category /category/:id/page/1 200
/about /docs/about 200

# temporary redirects
/id/S9eZzEjhtGfPjYQ_V9Vze /resource/posts/dariah-de-collection-registry-tutorial 302
/id/iOKHwTPWMd8dPIHFEvT_9 /resource/posts/transformation-how-the-digital-creates-new-realities 302
/id/H0ucIPCorqOlAPrrcVZBQ /resource/posts/using-digital-archives-for-geographical-and-archaeological-research 302
/id/51icTQq8rTI9uu24nHgDL /resource/posts/using-digital-archives-for-historical-research 302
/id/djD_8l7fIe1MQzvFkDlM3 /resource/posts/using-digital-archives-for-social-sciences-research 302
/id/TwftAFIMKBo3KH7iVpp5z /resource/posts/scholarly-primitives-20-years-later 302
/id/N5o42gvgTehJkef9As0Dj /resource/posts/david-boder-from-wire-recordings-to-website 302
/id/TrVWJw8VwLszzAHvmUhnv /resource/posts/flipped-classrooms 302
/id/ymmToQ6QkPAc0zx7l7ej2 /resource/posts/from-the-archival-to-the-digital-turn-a-lesson-on-source-criticism 302
/id/Io0b8LMwPox9MAkXsHoyZ /resource/posts/the-time-machine-project 302
/id/XQ2ReKDINlmcgzNLUrjry /resource/posts/the-tei-guidelines-born-to-be-open 302
/id/rpKYExM0_nzYeaFVix7mF /resource/posts/an-editorial-and-technical-journey-into-post-publication-peer-review-pppr 302
/id/z4x_TaBT2R6adJ66kmEim /resource/posts/game-play-design-in-the-arts-and-humanities 302
/id/4pvDPHLFD52zdga_dY3ur /resource/posts/practicing-design-thinking-and-making 302
/id/MxuWI1j1VFT9ZVA_3o1dY /resource/posts/storytelling-for-digital-narratives-and-blended-spaces 302
/id/mu9DduTS-kyikDGceaPfW /resource/posts/remaking-material-culture-in-3d 302
/id/zKeRT4BPI-ka_YLk-LVnj /resource/posts/introduction-to-design-thinking-and-maker-culture 302
/id/8Nlfj0hdQZKZdwid5E2ZW /resource/posts/cultural-innovation 302
/id/WOStpmVhAE5TDbau-jJ6g /resource/posts/dariah-de-publikator-tutorial 302
/id/D8d6OrLdpLlGRqBSQDVN0 /resource/posts/controlled-vocabularies-and-skos 302
/id/XUDsnt3PCB0WTEr-6EM7w /resource/posts/xpath-for-dictionary-nerds 302
/id/ZeqVvWRu2oWpsmRpbrVDN /resource/posts/dariahs-role-in-connecting-with-arts-and-humanities-researchers 302
/id/Ytu-sGuO-7Nv8u83HwOhl /resource/posts/design-based-research-in-educational-contexts 302
/id/X7GX7fro4gfRQTJUelv9s /resource/posts/what-skills-knowledge-and-workforces-are-needed-into-the-future 302
/id/EPm-avkkM8KcGXJcSpR_0 /resource/posts/how-do-we-design-infrastructure-that-connects 302
/id/x_tefXULhsELmKZfyXFwu /resource/posts/transformations-what-are-the-big-challenges-and-opportunities-for-data-intensive-research 302
/id/j-BtyWNgsqs8i23Zlzac0 /resource/posts/cowboys-and-consortia-thoughts-on-dh-infrastructure 302
/id/JleqOm-N3yyFaWHwetdEE /resource/posts/humanities-augmented-ecologies-of-digital-research-practices 302
/id/c5cgo2pJ960Ywut6iouF4 /resource/posts/the-dariah-big-idea-pathways-to-building-sustainable-infrastructure-over-time 302
/id/KRz-UBAmHsZfHc8_tMpRH /resource/posts/what-are-we-talking-about-when-we-talk-about-data-in-the-humanities 302
/id/KifkFQh8PpTza_wd_ZlCX /resource/posts/what-does-data-want 302
/id/tDm3mzXxEiSW8ePDJCNdm /resource/posts/from-paper-to-digits-challenges-and-opportunities-of-digital-research 302
/id/P089MgRgIKG3rOczZuQ5V /resource/posts/intellectual-property-rights-in-ethically-open-science 302
/id/HNbf93F9UyK4HkLWVOwbo /resource/posts/open-science-is-just-good-science 302
/id/z1N_A0GqqeSFYGzVVa7g- /resource/posts/applying-modern-data-analytics-to-classical-questions-in-the-humanities 302
/id/2udsxpvbnpovuXtaj2AY- /resource/posts/cultural-big-data-building-a-european-internet-of-cultural-things 302
/id/v3NdCcSyB--q9OzWeluGl /resource/posts/dariah-winter-school-2016-open-data-citation 302
/id/5v_UQ7nfCmW8Zjz7ibTUB /resource/posts/citizen-science-in-the-digital-arts-and-humanities 302
/id/CfAyflchDaNl5KRQU5uRE /resource/posts/create-impact-with-your-e-humanities-and-e-heritage-research 302
/id/yR8mHfs3eW-ibu58LerCt /resource/posts/dariah-pathfinder-to-data-management-best-practices-in-the-humanities 302
/id/cdlK8pixWmOzRotGk0tIR /resource/posts/how-to-work-together-successfully-with-e-humanities-and-e-heritage-research-infrastructures 302
/id/JnZjojPXrmQTTEvC1Ufo0 /resource/posts/boost-your-ehumanities-and-eheritage-research-with-research-infrastructures 302
/id/-qUZMpCSJqxIK9I9c-ICK /resource/posts/e-humanities-and-e-heritage-research-infrastructures-beyond-tools 302
/id/t6R_wQmBNtqMsQlSMw-sa /resource/posts/make-it-happen-carrying-out-research-and-analysing-data 302
/id/p9Jv0mdn6kGdoptR_zBJY /resource/posts/editing-jane-austen 302
/id/yhqACg5zgq70Cg1cdErTw /resource/posts/text-encoding-and-the-text-encoding-initiative 302
/id/nG9tnoatXHB4S_iu8kfL0 /resource/posts/a-digital-scholarly-edition-of-intellectual-berlin-around-1800 302
/id/bnCH376DT5uU1uql2lYFT /resource/posts/retrieving-text-from-spoken-data 302
/id/61kFzzhKun7qPG1OUrbeG /resource/posts/the-transformation-of-the-scholarly-edition-from-print-to-screen 302
/id/jggXZ2QWoDmB80zqpYa35 /resource/posts/dariah-can-help-researchers-to-use-digital-methods-at-every-stage-of-their-research 302
/id/jIIxub21kwHDr92HXG9zM /resource/posts/digital-scholarly-editions-manuscripts-texts-and-tei-encoding 302
/id/7wBtls8jvXHHNO3mxWVC3 /resource/posts/from-literary-history-to-digital-research-infrastructure-pushing-beyond-boundaries 302
/id/NH7PM-MIkIghJD7FyKWxY /resource/posts/gender-and-stylistics 302
/id/5kVsvFs-ZoCWKs9iHxxZR /resource/posts/one-phrase-that-appears-again-and-again-is-continuous-training 302
/id/HcMZYWanetONAMgg3JCOL /resource/posts/research-infrastructures-are-vital-in-providing-hands-on-training 302
/id/AQJuGqS6w5iPPtjOD_ZZs /resource/posts/research-infrastructures-should-inspire-theoretically-and-practically 302
/id/wp4ifeuLx1qo4UvAxnxwh /resource/posts/spatial-image-analytics 302
/id/WAIEkxLKyfTdgKm--l0B- /resource/posts/text-versions-and-the-editorial-impulse 302
/id/D50YxXRPpCU7nScZgQGUq /resource/posts/textual-scholarship 302
/id/qWWgabf_95WCWVQ4TDCUz /resource/posts/we-are-a-people-infrastructure-and-training-is-crucial-to-that 302
/id/_HhLzE0h5dcg7S-pORFGr /resource/posts/we-should-think-more-about-learning-environments 302
/id/qTwl982BJGHn2YeUphbs6 /resource/posts/you-dont-have-to-be-a-programmer-but-being-technically-equipped-is-important-in-the-digital-humanities 302
/id/12hqy2TdXyB1RPnA4n9iP /resource/posts/researchers-have-to-talk-a-lot-exchange-ideas-to-try-to-understand-each-other 302
/id/u8bdfvTjXd2s5WM-CZXdv /resource/posts/an-introduction-to-conceptual-modelling 302
/id/fvbBqyX1xemlwiHRXagF_ /resource/posts/digital-humanities-research-questions-and-methods 302
/id/CknN1nZHxwrQlhHhbdouG /resource/posts/digitising-dictionaries 302
/id/y75J_XvilCow97fT9x3nW /resource/posts/open-education-and-moocs 302
/id/RfLCnD05m5iPr3UpwXGNH /resource/posts/sound-studies 302
/id/22peDeBZy2RDEwba55fJi /resource/posts/spatial-humanities-social-justice 302
/id/stDgDr-S1iunCGKWKbh48 /resource/posts/introduction-to-digital-humanities 302
/id/ZRBB3EftS8KckhUlWDiOV /resource/posts/manage-improve-and-open-up-your-research-data 302
/id/nvw4uI3pE8A4ia4OdkIx2 /resource/posts/management-challenges-in-research-infrastructures 302
/id/14HMk2ch2xBvRb4ntojw5 /resource/posts/mixed-reality-and-social-engagement 302
/id/QDGufDQ3-6PDZwRKXzOvH /resource/posts/multimodal-literacies 302
/id/WACdz3FQZCkbk74AZfosu /resource/posts/my-digital-humanities-a-feminist-reading 302
/id/fYC9N1K37HFFYiRhYsUGR /resource/posts/my-digital-humanities-visualising-text 302
/id/62eQAysrscfI8X-IIRpk8 /resource/posts/what-is-the-role-of-training-and-education-in-research-infrastructures 302
/id/VWHwHJ44oFZKRissb7viG /resource/posts/introduction-to-research-infrastructures 302
/id/q22sktAxJFE5rIhHjA7OC /resource/posts/introduction-to-collaborations-in-research-infrastructures 302
/id/pF0b5Ru3HoOPd_rQLU3VP /resource/posts/formal-ontologies-a-complete-novices-guide 302
/id/BCjEyO1hR5ZoFHqEnGoi5 /resource/events/sharing-the-experience-workflows-for-the-digital-humanities 302
/id/Lg-N80I4p8pM7bMt3b4mq /resource/events/madih-research-software-engineering-training 302
/id/ksTAT3GTI13I3GgGBNi55 /resource/events/shaping-new-approaches-to-data-management-in-arts-and-humanities 302
/id/iguJbOaYchukSstaQzjYz /resource/events/open-data-citation-for-social-science-and-humanities 302
/id/38fWcV5NRk0nDebze6jyQ /curriculum/the-parthenos-complete-guide-to-research-infrastructures 302

# permanent redirects
/resource/a-digital-scholarly-edition-of-intellectual-berlin /resource/posts/a-digital-scholarly-edition-of-intellectual-berlin-around-1800 301
/resource/boost-ehumanities-and-eheritage-research-ris /resource/posts/boost-your-ehumanities-and-eheritage-research-with-research-infrastructures 301
/resource/carrying-out-research-and-analysing-data /resource/posts/make-it-happen-carrying-out-research-and-analysing-data 301
/resource/citizen-science /resource/posts/citizen-science-in-the-digital-arts-and-humanities 301
/resource/controlled-vocabularies-and-skos /resource/posts/controlled-vocabularies-and-skos 301
/resource/cowboys-and-consortia /resource/posts/cowboys-and-consortia-thoughts-on-dh-infrastructure 301
/resource/create-impact-with-ehumanities-and-eheritage /resource/posts/create-impact-with-your-e-humanities-and-e-heritage-research 301
/resource/cultural-big-data /resource/posts/cultural-big-data-building-a-european-internet-of-cultural-things 301
/resource/dariah-big-idea /resource/posts/the-dariah-big-idea-pathways-to-building-sustainable-infrastructure-over-time 301
/resource/dariah-de-collection-registry-tutorial /resource/posts/dariah-de-collection-registry-tutorial 301
/resource/dariah-de-publikator /resource/posts/dariah-de-publikator-tutorial 301
/resource/dariah-guide-to-data-management-best-practices-in-the-humanities /resource/posts/dariah-pathfinder-to-data-management-best-practices-in-the-humanities 301
/resource/dariah-help-researchers-use-digital-methods-every-stage /resource/posts/dariah-can-help-researchers-to-use-digital-methods-at-every-stage-of-their-research 301
/resource/dariah-role-connecting-arts-humanities-researchers /resource/posts/dariahs-role-in-connecting-with-arts-and-humanities-researchers 301
/resource/david-boder-from-wire-recordings-to-website /resource/posts/david-boder-from-wire-recordings-to-website 301
/resource/design-based-research /resource/posts/design-based-research-in-educational-contexts 301
/resource/digital-humanities-research-questions-and-methods /resource/posts/digital-humanities-research-questions-and-methods 301
/resource/digital-scholarly-editions /resource/posts/digital-scholarly-editions-manuscripts-texts-and-tei-encoding 301
/resource/digitising-dictionaries /resource/posts/digitising-dictionaries 301
/resource/editing-jane-austen /resource/posts/editing-jane-austen 301
/resource/editorial-and-technical-journey-into-post-publication-peer-review-pppr /resource/posts/an-editorial-and-technical-journey-into-post-publication-peer-review-pppr 301
/resource/flipped-classrooms /resource/posts/flipped-classrooms 301
/resource/formal-ontologies /resource/posts/formal-ontologies-a-complete-novices-guide 301
/resource/from-archival-to-digital-turn /resource/posts/from-the-archival-to-the-digital-turn-a-lesson-on-source-criticism 301
/resource/from-literary-history-to-ris /resource/posts/from-literary-history-to-digital-research-infrastructure-pushing-beyond-boundaries 301
/resource/from-paper-to-digits /resource/posts/from-paper-to-digits-challenges-and-opportunities-of-digital-research 301
/resource/game-play-design /resource/posts/game-play-design-in-the-arts-and-humanities 301
/resource/gender-and-stylistics /resource/posts/gender-and-stylistics 301
/resource/how-design-infrastructure-that-connects /resource/posts/how-do-we-design-infrastructure-that-connects 301
/resource/humanities-augmented /resource/posts/humanities-augmented-ecologies-of-digital-research-practices 301
/resource/intellectual-property-rights-ethically-open-science /resource/posts/intellectual-property-rights-in-ethically-open-science 301
/resource/intro-to-design-thinking /resource/posts/introduction-to-design-thinking-and-maker-culture 301
/resource/introduction-to-collaborations-in-research-infrastructures /resource/posts/introduction-to-collaborations-in-research-infrastructures 301
/resource/introduction-to-conceptual-modelling /resource/posts/an-introduction-to-conceptual-modelling 301
/resource/introduction-to-digital-humanities /resource/posts/introduction-to-digital-humanities 301
/resource/introduction-to-research-infrastructures /resource/posts/introduction-to-research-infrastructures 301
/resource/john-unsworth-plenary /resource/posts/scholarly-primitives-20-years-later 301
/resource/manage-improve-and-open-up-your-research-data /resource/posts/manage-improve-and-open-up-your-research-data 301
/resource/management-challenges-in-research-infrastructures /resource/posts/management-challenges-in-research-infrastructures 301
/resource/mixed-reality-and-social-engagement /resource/posts/mixed-reality-and-social-engagement 301
/resource/modern-data-analytics-classical-questions /resource/posts/applying-modern-data-analytics-to-classical-questions-in-the-humanities 301
/resource/multimodal-literacies /resource/posts/multimodal-literacies 301
/resource/my-digital-humanities_feminist-reading /resource/posts/my-digital-humanities-a-feminist-reading 301
/resource/my-digital-humanities_visualizing-texts /resource/posts/my-digital-humanities-visualising-text 301
/resource/one-phrase-appears-again-and-again-continuous-training /resource/posts/one-phrase-that-appears-again-and-again-is-continuous-training 301
/resource/open-data-citation /resource/posts/dariah-winter-school-2016-open-data-citation 301
/resource/open-education-and-moocs /resource/posts/open-education-and-moocs 301
/resource/open-science-good-science /resource/posts/open-science-is-just-good-science 301
/resource/practicing-design-thinking /resource/posts/practicing-design-thinking-and-making 301
/resource/remaking-material-culture-3d /resource/posts/remaking-material-culture-in-3d 301
/resource/research-infrastructures-should-inspire /resource/posts/research-infrastructures-should-inspire-theoretically-and-practically 301
/resource/researchers-have-to-talk-a-lot /resource/posts/researchers-have-to-talk-a-lot-exchange-ideas-to-try-to-understand-each-other 301
/resource/retrieving-text-from-spoken-data /resource/posts/retrieving-text-from-spoken-data 301
/resource/riccardo-cultural-innovation /resource/posts/cultural-innovation 301
/resource/ris-beyond-tools /resource/posts/e-humanities-and-e-heritage-research-infrastructures-beyond-tools 301
/resource/ris-vital-hands-on-training /resource/posts/research-infrastructures-are-vital-in-providing-hands-on-training 301
/resource/role-of-training-and-education-in-research-infrastructures /resource/posts/what-is-the-role-of-training-and-education-in-research-infrastructures 301
/resource/sound-studies /resource/posts/sound-studies 301
/resource/spatial-humanities-social-justice /resource/posts/spatial-humanities-social-justice 301
/resource/spatial-image-analytics /resource/posts/spatial-image-analytics 301
/resource/storytelling-digital-narratives /resource/posts/storytelling-for-digital-narratives-and-blended-spaces 301
/resource/tei-guidelines-born-to-be-open-acdh /resource/posts/the-tei-guidelines-born-to-be-open 301
/resource/text-encoding-and-the-text-encoding-initiative /resource/posts/text-encoding-and-the-text-encoding-initiative 301
/resource/text-versions-and-the-editorial-impulse /resource/posts/text-versions-and-the-editorial-impulse 301
/resource/textual-scholarship /resource/posts/textual-scholarship 301
/resource/the-transformation-of-the-scholarly-edition /resource/posts/the-transformation-of-the-scholarly-edition-from-print-to-screen 301
/resource/time-machine-project /resource/posts/the-time-machine-project 301
/resource/transformation-how-the-digital-creates-new-realities /resource/posts/transformation-how-the-digital-creates-new-realities 301
/resource/transformations /resource/posts/transformations-what-are-the-big-challenges-and-opportunities-for-data-intensive-research 301
/resource/using-digital-archives-for-geographical-and-archaeological-research /resource/posts/using-digital-archives-for-geographical-and-archaeological-research 301
/resource/using-digital-archives-for-historical-research /resource/posts/using-digital-archives-for-historical-research 301
/resource/using-digital-archives-for-social-sciences-research /resource/posts/using-digital-archives-for-social-sciences-research 301
/resource/we-are-a-people-infrastructure /resource/posts/we-are-a-people-infrastructure-and-training-is-crucial-to-that 301
/resource/we-should-think-more-about-learning-environments /resource/posts/we-should-think-more-about-learning-environments 301
/resource/what-does-data-want /resource/posts/what-does-data-want 301
/resource/what-skills-knowledge-workforces-needed /resource/posts/what-skills-knowledge-and-workforces-are-needed-into-the-future 301
/resource/what-talking-about-data-in-humanities /resource/posts/what-are-we-talking-about-when-we-talk-about-data-in-the-humanities 301
/resource/work-with-ehumanities-and-eheritage-ris /resource/posts/how-to-work-together-successfully-with-e-humanities-and-e-heritage-research-infrastructures 301
/resource/xpath-for-dictionary-nerds /resource/posts/xpath-for-dictionary-nerds 301
/resource/you-dont-have-to-be-a-programmer /resource/posts/you-dont-have-to-be-a-programmer-but-being-technically-equipped-is-important-in-the-digital-humanities 301
/resource/ws2019 /resource/events/desir-winterschool-2019 301
/resource/rse2019 /resource/events/rse-training-2019 301
/resource/ws2016 /resource/events/dariah-winterschool-2016 301
/author/dariah  /author/dariah-campus 301
/author/marc-aberle  /author/aberle-marc 301
/author/mark-algee-hewitt  /author/algee-hewitt-mark 301
/author/marie-annisius  /author/annisius-marie 301
/author/florentina-armaselu  /author/armaselu-florentina 301
/author/marie-louise-ayres  /author/ayres-marie-louise 301
/author/anne-baillot  /author/baillot-anne 301
/author/nadja-baldszuhn  /author/baldszuhn-nadja 301
/author/agiatis-benardou  /author/benardou-agiatis 301
/author/francesco-beretta  /author/beretta-francesco 301
/author/helena-bermudez-sabel  /author/bermúdez-sabel-helena 301
/author/loup-bernard  /author/bernard-loup 301
/author/christopher-blackwell  /author/blackwell-christopher-w 301
/author/roman-bleier  /author/bleier-roman 301
/author/julien-bordier  /author/bordier-julien 301
/author/george-bruseker  /author/bruseker-george 301
/author/mikey-bruun-andersen  /author/bruun-andersen-mikey 301
/author/estelle-bunout  /author/bunout-estelle 301
/author/marjorie-burghart  /author/burghart-marjorie 301
/author/jean-burgess  /author/burgess-jean 301
/author/silvia-calamai  /author/calamai-silvia 301
/author/sally-chambers  /author/chambers-sally 301
/author/seb-chan  /author/chan-seb 301
/author/samantha-callaghan  /author/callaghan-samantha 301
/author/vera-chiquet  /author/chiquet-vera 301
/author/angeliki-chrysanthi  /author/chrysanthi-angeliki 301
/author/arianna-ciula  /author/ciula-arianna 301
/author/claire-clivaz  /author/clivaz-claire 301
/author/amy-clotworthy  /author/clotworthy-amy 301
/author/ilaria-comes  /author/comes-ilaria 301
/author/panos-constantopoulos  /author/constantopoulos-panos 301
/author/sarah-cooper  /author/cooper-sarah 301
/author/antonia-correia  /author/correia-antonia 301
/author/louise-corti  /author/corti-louise 301
/author/gregory-crane  /author/crane-gregory 301
/author/james-cummings  /author/cummings-james 301
/author/dariah-de  /author/dariah-de 301
/author/javier-delarosa  /author/de-la-rosa-javier 301
/author/francesca-dell-oro  /author/dell'oro-francesca 301
/author/joy-damousi  /author/damousi-joy 301
/author/emmanuel-decker  /author/decker-emmanuel 301
/author/quinn-dombrowski  /author/dombrowski-quinn 301
/author/matej-durco  /author/ďurčo-matej 301
/author/marten-during  /author/düring-marten 301
/author/graeme-earl  /author/earl-graeme 301
/author/paul-eggert  /author/eggert-paul 301
/author/jennifer-edmond  /author/edmond-jennifer 301
/author/jeanette-falk-olesen  /author/falk-olesen-jeanette 301
/author/andreas-fickers  /author/fickers-andreas 301
/author/frank-fischer  /author/fischer-frank 301
/author/darja-fiser  /author/fišer-darja 301
/author/patrick-flack  /author/flack-patrick 301
/author/fabrice-fluckiger  /author/flückiger-fabrice 301
/author/tessa-free  /author/free-tessa 301
/author/simon-gabay  /author/gabay-simon 301
/author/ioana-galleron  /author/galleron-ioana 301
/author/cristina-garcia-martin  /author/garcia-martin-cristina 301
/author/vicky-garnett  /author/garnett-vicky 301
/author/alexandre-germain  /author/germain-alexandre 301
/author/martin-grandjean  /author/grandjean-martin 301
/author/daniele-guido  /author/guido-daniele 301
/author/henrike-hoffmann  /author/hoffmann-henrike 301
/author/tamar-gordon  /author/gordon-tamar 301
/author/tony-hall  /author/hall-tony 301
/author/vanessa-hannesschlager  /author/hannesschläger-vanessa 301
/author/heather-hodgson  /author/hodgson-heather 301
/author/marianne-huang  /author/huang-marianne 301
/author/neil-jakeman  /author/jakeman-neil 301
/author/jonny-johnston  /author/johnston-jonny 301
/author/klaus-illmayer  /author/illmayer-klaus 301
/author/chris-jones  /author/jones-chris 301
/author/iason-jongepier  /author/jongepier-iason 301
/author/max-kemman  /author/kemman-max 301
/author/sotiria-kogou  /author/kogou-sotiria 301
/author/jan-kassel  /author/kaßel-jan 301
/author/thomas-koentges  /author/koentges-thomas 301
/author/ondrej-kosarko  /author/košarko-ondřej 301
/author/kira-kovalenko  /author/kovalenko-kira 301
/author/steven-krauer  /author/krauer-steven 301
/author/jacob-kreutzfeldt  /author/kreutzfeldt-jacob 301
/author/moniek-kuijpers  /author/kuijpers-moniek 301
/author/stefanie-laepke  /author/laepke-stefanie 301
/author/nicolas-larousse  /author/larrousse-nicolas 301
/author/anna-lawaetz  /author/lawaetz-anna 301
/author/delfim-leao  /author/leão-delfim 301
/author/jakob-lenardic  /author/lenardič-jakob 301
/author/piroska-lendvai  /author/lendvai-piroska 301
/author/martin-lhotak  /author/lhoták-martin 301
/author/haida-liang  /author/liang-haida 301
/author/frances-madden  /author/madden-frances 301
/author/moritz-mahr  /author/mähr-moritz 301
/author/vojtech-malinek  /author/malínek-vojtěch 301
/author/paola-marongiu  /author/marongiu-paola 301
/author/laura-mandell  /author/mandell-laura 301
/author/maciej-maryl  /author/maryl-maciej 301
/author/carlo-meghini  /author/meghini-carlo 301
/author/adele-valeria-messina  /author/messina-adele-valeria 301
/author/jennifer-middendorf  /author/middendorf-jennifer 301
/author/nikos-minadakis  /author/minadakis-nikos 301
/author/emmanuelle-morlock  /author/morlock-emmanuelle 301
/author/karlheinz-morth  /author/mörth-karlheinz 301
/author/pierre-mounier  /author/mounier-pierre 301
/author/matthew-munson  /author/munson-matthew 301
/author/eslam-nofal  /author/nofal-eslam 301
/author/elisa-nury  /author/nury-elisa 301
/author/angel-nieves  /author/nieves-angel 301
/author/kevin-oconnor  /author/o'connor-kevin 301
/author/costas-papadopoulos  /author/papadopoulos-costas 301
/author/eliza-papaki  /author/papaki-eliza 301
/author/maija-paavolainen  /author/paavolainen-maija 301
/author/elodie-paupe  /author/paupe-elodie 301
/author/christopher-pickup  /author/pickup-christopher 301
/author/elena-pierazzo  /author/pierazzo-elena 301
/author/maria-cristina-piticco  /author/piticco-cristina-maria 301
/author/jean-christophe-plantin  /author/plantin-jean-christophe 301
/author/riccardo-pozzo  /author/pozzo-riccardo 301
/author/kenneth-m-price  /author/price-kenneth-m 301
/author/marie-puren  /author/puren-marie 301
/author/marco-raciti  /author/raciti-marco 301
/author/simone-rebora  /author/rebora-simone 301
/author/claudia-resch  /author/resch-claudia 301
/author/jordan-ricker  /author/ricker-jordan 301
/author/charles-riondet  /author/riondet-charles 301
/author/geoffrey-rockwell  /author/rockwell-geoffrey 301
/author/mariafernanda-rollo  /author/rollo-maria-fernanda 301
/author/laurent-romary  /author/romary-laurent 301
/author/salvador-ros  /author/ros-salvador 301
/author/james-rose  /author/rose-james 301
/author/sinai-rusinek  /author/rusinek-sinai 301
/author/basem-saifo  /author/saifo-basem 301
/author/martial-sankar  /author/sankar-martial 301
/author/stefania-scagliola  /author/scagliola-stefania 301
/author/stefan-schmunk  /author/schmunk-stefan 301
/author/walter-scholger  /author/scholger-walter 301
/author/joachim-schopfel  /author/schöpfel-joachim 301
/author/susan-schreibman  /author/schreibman-susan 301
/author/sara-schulthess  /author/schulthess-sara 301
/author/kristen-schuster  /author/schuster-kristen 301
/author/rebecca-seirig  /author/seirig-rebecca 301
/author/violeta-seretan  /author/seretan-violeta 301
/author/nienke-van-shaverbeke  /author/van-shaverbeke-nienke 301
/author/emilie-sitzia  /author/sitzia-emilie 301
/author/stefan-sinclair  /author/sinclair-stéfan 301
/author/james-smithies  /author/smithies-james 301
/author/juliane-stiller  /author/stiller-juliane 301
/author/guido-stompff  /author/stompff-guido 301
/author/kathryn-sutherland  /author/sutherland-kathryn 301
/author/toma-tasovac  /author/tasovac-toma 301
/author/juliane-tatarinov  /author/tatarinov-juliane 301
/author/melissa-terras  /author/terras-melissa 301
/author/klaus-thoden  /author/thoden-klaus 301
/author/deborah-thorpe  /author/thorpe-deborah 301
/author/christopher-thomson  /author/thomson-christopher 301
/author/claus-toft-nielsen  /author/toft-nielsen-claus 301
/author/rikke-toft-norgard  /author/toft-nørgård-rikke 301
/author/justin-tonra  /author/tonra-justin 301
/author/erzsebet-toth-czifra  /author/tóth-czifra-erzsébet 301
/author/martina-trognitz  /author/trognitz-martina 301
/author/henk-van-den-heuvel  /author/van-den-heuvel-henk 301
/author/frank-uiterwaal  /author/uiterwaal-frank 301
/author/john-unsworth  /author/unsworth-john 301
/author/dieter-van-uytvanck  /author/van-uytvanck-dieter 301
/author/melvin-wevers  /author/wevers-melvin 301
/author/mitchell-whitelaw  /author/whitelaw-mitchell 301
/author/maria-wiederanders  /author/wiederänders-maria 301
/author/sidney-wiltgen  /author/wiltgen-sidney 301
/author/tanja-wissik  /author/wissik-tanja 301
/author/ulrike-wuttke  /author/wuttke-ulrike 301
/author/jolan-wuyts  /author/wuyts-jolan 301
/author/gerben-zaagsma  /author/zaagsma-gerben 301
/author/ksenia-zaytseva  /author/zaytseva-ksenia 301
/author/daniela-zetti  /author/zetti-daniela 301